{
  "title": "Bingo",
  "description": "Game for boring conferences and meetings - or just Bingo",
  "majorVersion": 0,
  "minorVersion": 2,
  "patchVersion": 2,
  "runnable": 1,
  "embedTypes": ["iframe"],
  "author": "Oliver Tacke",
  "license": "MIT",
  "machineName": "H5P.Bingo",
  "coreApi": {
    "majorVersion": 1,
    "minorVersion": 13
  },
  "preloadedJs": [
    {
      "path": "dist/dist.js"
    }
  ],
  "preloadedDependencies": [
    {
      "machineName": "H5P.Question",
      "majorVersion": 1,
      "minorVersion": 3
    },
    {
      "machineName": "H5P.JoubelUI",
      "majorVersion": 1,
      "minorVersion": 3
    }
  ],
  "editorDependencies": [
    {
      "machineName": "H5PEditor.ShowWhen",
      "majorVersion": 1,
      "minorVersion": 0
    },
    {
      "machineName": "H5PEditor.ColorSelector",
      "majorVersion": 1,
      "minorVersion": 2
    }
  ]
}
