{
  "title": "Image",
  "contentType": "Media",
  "description": "Simple library that displays an image.",
  "majorVersion": 1,
  "minorVersion": 1,
  "patchVersion": 3,
  "runnable": 0,
  "machineName": "H5P.Image",
  "author": "Joubel",
  "coreApi": {
    "majorVersion": 1,
    "minorVersion": 19
  },
  "preloadedJs": [
    {
      "path": "image.js"
    }
  ],
  "preloadedCss": [
    {
      "path": "image.css"
    }
  ],
  "metadataSettings": {
    "disable": 0,
    "disableExtraTitleField": 1
  }
}