<component name="ProjectRunConfigurationManager">
  <configuration default="false" name="LM PHP extractTranslationStrings" type="ShConfigurationType">
    <option name="SCRIPT_TEXT" value="" />
    <option name="INDEPENDENT_SCRIPT_PATH" value="true" />
    <option name="SCRIPT_PATH" value="$PROJECT_DIR$/public/plugins_packages/RasmusFuhse/LernmodulePlugin/locale/extractTranslationStrings" />
    <option name="SCRIPT_OPTIONS" value="" />
    <option name="INDEPENDENT_SCRIPT_WORKING_DIRECTORY" value="true" />
    <option name="SCRIPT_WORKING_DIRECTORY" value="$PROJECT_DIR$/public/plugins_packages/RasmusFuhse/LernmodulePlugin/locale" />
    <option name="INDEPENDENT_INTERPRETER_PATH" value="true" />
    <option name="INTERPRETER_PATH" value="/bin/bash" />
    <option name="INTERPRETER_OPTIONS" value="" />
    <option name="EXECUTE_IN_TERMINAL" value="true" />
    <option name="EXECUTE_SCRIPT_FILE" value="true" />
    <envs />
    <method v="2" />
  </configuration>
</component>