{
  "title": "Chart",
  "description": "Create different charts",
  "majorVersion": 1,
  "minorVersion": 2,
  "patchVersion": 12,
  "runnable": 1,
  "author": "Joubel",
  "license": "MIT",
  "machineName": "H5P.Chart",
  "embedTypes": [
    "iframe"
  ],
  "preloadedCss": [
    {
      "path": "chart.css"
    }
  ],
  "preloadedJs": [
    {
      "path": "chart.js"
    },
    {
      "path": "d3.js"
    },
    {
      "path": "pie.js"
    },
    {
      "path": "bar.js"
    }
  ],
  "editorDependencies": [
    {
      "machineName": "H5PEditor.ColorSelector",
      "majorVersion": 1,
      "minorVersion": 2
    }
  ]
}