{
  "title": "Goals page",
  "description": "A page where you can make a list of goals.",
  "majorVersion": 1,
  "minorVersion": 5,
  "patchVersion": 2,
  "runnable": 0,
  "author": "Joubel",
  "license": "MIT",
  "machineName": "H5P.GoalsPage",
  "coreApi": {
    "majorVersion": 1,
    "minorVersion": 19
  },
  "preloadedCss": [
    {
      "path": "goals-page.css"
    }
  ],
  "preloadedJs": [
    {
      "path": "goals-page.js"
    },
    {
      "path": "goal-instance.js"
    }
  ],
  "preloadedDependencies": [
    {
      "machineName": "MustacheJS",
      "majorVersion": 1,
      "minorVersion": 0
    },
    {
      "machineName": "FontAwesome",
      "majorVersion": 4,
      "minorVersion": 5
    },
    {
      "machineName": "H5P.JoubelUI",
      "majorVersion": 1,
      "minorVersion": 3
    }
  ]
}