{
	"title": "Image Pair",
	"description": "Pair appropriate images",
	"majorVersion": 1,
	"minorVersion": 4,
	"patchVersion": 0,
	"runnable": 1,
	"author": "JithinSpace",
	"license": "MIT",
	"machineName": "H5P.ImagePair",
	"embedTypes": [
		"iframe"
	],
	"preloadedCss": [
		{
			"path": "h5p-image-pair.css"
		}
	],
	"preloadedJs": [
		{
			"path": "h5p-image-pair.js"
		},
		{
			"path": "h5p-image-pair-card.js"
		}
	],
	"preloadedDependencies": [
		{
			"machineName": "FontAwesome",
			"majorVersion": 4,
			"minorVersion": 5
		},
		{
			"machineName": "H5P.JoubelUI",
			"majorVersion": 1,
			"minorVersion": 3
		},
		{
			"machineName": "jQuery.ui",
			"majorVersion": 1,
			"minorVersion": 10
		}
	],
	"editorDependencies": [
		{
			"machineName": "H5PEditor.VerticalTabs",
			"majorVersion": 1,
			"minorVersion": 3
		}
	]
}
